{
  "version": "1.0",
  "tag_schema": "items_tags.v1",
  "notes": "Rule-based body profiles for Korean female 20s. Designed for explainable recommendations.",
  "profiles": [
    {
      "profile_id": "lower_heavy",
      "display_name": "하체통통",
      "goals": ["하체 커버", "시선 분산", "상체 포인트"],
      "weights": {
        "rule_confidence": 0.2,
        "category_match": 0.1,
        "length": 0.25,
        "silhouette": 0.2,
        "fit": 0.15,
        "structure": 0.1
      },
      "prefer": [
        {"if": {"category_main": "dress", "silhouette": "A-line", "length": ["midi", "long"]}, "score": 2.0, "reason": "[body] A라인 드레스는 하체를 자연스럽게 커버해요."},
        {"if": {"category_main": "bottom", "length": "long"}, "score": 1.2, "reason": "[body] 롱 하의는 하체 라인을 덜 드러내요."},
        {"if": {"vertical_lines": 1}, "score": 0.8, "reason": "[body] 세로 절개선은 전체 실루엣을 길어 보이게 해요."},
        {"if": {"waist_emphasis": ["medium", "high"]}, "score": 0.5, "reason": "[body] 허리 포인트가 있으면 시선이 위로 올라가요."}
      ],
      "avoid": [
        {"if": {"category_main": "bottom", "length": "short"}, "score": -1.5, "reason": "[body] 짧은 하의는 하체 노출이 커져 부담스러울 수 있어요."},
        {"if": {"category_main": "bottom", "fit": "slim"}, "score": -0.8, "reason": "[body] 슬림핏 하의는 하체 라인을 강조할 수 있어요."}
      ]
    },

    {
      "profile_id": "upper_heavy",
      "display_name": "상체통통",
      "goals": ["상체 부담 완화", "시선 하체로 이동", "라인 정리"],
      "weights": {
        "rule_confidence": 0.2,
        "category_match": 0.1,
        "length": 0.2,
        "silhouette": 0.2,
        "fit": 0.2,
        "structure": 0.1
      },
      "prefer": [
        {"if": {"category_main": "bottom", "length": ["midi", "long"]}, "score": 1.3, "reason": "[body] 하체 쪽에 시선을 분산시키는 데 도움이 돼요."},
        {"if": {"category_main": "top", "fit": "regular"}, "score": 0.8, "reason": "[body] 레귤러 핏이 상체 부피감을 과하게 키우지 않아요."},
        {"if": {"vertical_lines": 1}, "score": 0.6, "reason": "[body] 세로 라인은 상체를 더 길고 슬림하게 보이게 해요."}
      ],
      "avoid": [
        {"if": {"category_main": "top", "fit": "oversize"}, "score": -1.0, "reason": "[body] 오버사이즈 상의는 상체를 더 커 보이게 할 수 있어요."},
        {"if": {"category_main": "top", "length": "short"}, "score": -0.6, "reason": "[body] 짧은 상의는 상체에 시선이 모일 수 있어요."}
      ]
    },

    {
      "profile_id": "rectangle",
      "display_name": "직사각",
      "goals": ["허리 포인트", "곡선 느낌", "라인 만들기"],
      "weights": {
        "rule_confidence": 0.2,
        "silhouette": 0.25,
        "waist": 0.25,
        "fit": 0.15,
        "length": 0.15
      },
      "prefer": [
        {"if": {"waist_emphasis": "high"}, "score": 2.0, "reason": "[body] 허리 포인트가 강하면 실루엣이 더 입체적으로 보여요."},
        {"if": {"waist_emphasis": "medium"}, "score": 1.0, "reason": "[body] 허리선이 있으면 직선적인 느낌이 완화돼요."},
        {"if": {"silhouette": "A-line"}, "score": 1.2, "reason": "[body] A라인은 곡선감을 만들어줘요."},
        {"if": {"fit": "slim"}, "score": 0.5, "reason": "[body] 라인을 잡아주는 핏이 실루엣을 선명하게 해요."}
      ],
      "avoid": [
        {"if": {"silhouette": "straight", "fit": "oversize"}, "score": -1.2, "reason": "[body] 직선+오버핏은 체형이 더 직선적으로 보일 수 있어요."}
      ]
    },

    {
      "profile_id": "hourglass",
      "display_name": "모래시계",
      "goals": ["허리 강조", "장점 유지", "균형"],
      "weights": {
        "rule_confidence": 0.2,
        "waist": 0.3,
        "fit": 0.2,
        "silhouette": 0.15,
        "length": 0.15
      },
      "prefer": [
        {"if": {"waist_emphasis": "high"}, "score": 2.0, "reason": "[body] 허리선을 살려 장점을 강조해요."},
        {"if": {"fit": ["slim", "regular"]}, "score": 0.8, "reason": "[body] 라인을 살리는 핏이 잘 어울려요."},
        {"if": {"length": "midi"}, "score": 0.5, "reason": "[body] 미디 기장은 균형 잡힌 비율을 만들기 좋아요."}
      ],
      "avoid": [
        {"if": {"fit": "oversize"}, "score": -1.2, "reason": "[body] 오버핏은 허리 라인을 가릴 수 있어요."}
      ]
    }
  ]
}
    