{
  "version": "1.1",
  "profiles": [
    {
      "style_id": "straight",
      "display_name": "STRAIGHT",
      "weights": { "prefer": 1.0, "avoid": 1.0 },
      "prefer": [
        {
          "if": { "fit": ["regular", "slim"], "waist_emphasis": ["low"] },
          "score": 0.40,
          "reason": "[style] 정돈된 핏 + 과하지 않은 허리 강조가 스트레이트 무드에 잘 맞아요."
        },
        {
          "if": { "exposure": ["low"] },
          "score": 0.20,
          "reason": "[style] 낮은 노출이 단정하고 깔끔한 인상을 유지해줘요."
        },
        {
          "if": { "length": ["midi", "long"] },
          "score": 0.15,
          "reason": "[style] 미디/롱 기장은 전체 실루엣을 안정적으로 보이게 해요."
        }
      ],
      "avoid": [
        {
          "if": { "fit": ["oversize"] },
          "score": -0.25,
          "reason": "[style] 과한 오버핏은 라인이 흐려져 스트레이트 무드가 약해질 수 있어요."
        },
        {
          "if": { "waist_emphasis": ["high"] },
          "score": -0.20,
          "reason": "[style] 허리 강조가 너무 강하면 직선적인 무드와 충돌할 수 있어요."
        }
      ]
    },

    {
      "style_id": "wave",
      "display_name": "WAVE",
      "weights": { "prefer": 1.0, "avoid": 1.0 },
      "prefer": [
        {
          "if": { "silhouette": ["A-line", "mermaid-ish"] },
          "score": 0.55,
          "reason": "[style] 곡선감을 살리는 실루엣이 웨이브 무드를 잘 살려줘요."
        },
        {
          "if": { "waist_emphasis": ["medium", "high"] },
          "score": 0.35,
          "reason": "[style] 허리 포인트가 있으면 비율이 더 예쁘게 보여요."
        },
        {
          "if": { "exposure": ["medium"] },
          "score": 0.25,
          "reason": "[style] 적당한 노출이 여성스러운 분위기를 만들어줘요."
        }
      ],
      "avoid": [
        {
          "if": { "fit": ["oversize"], "waist_emphasis": ["low"] },
          "score": -0.25,
          "reason": "[style] 루즈한 핏 + 낮은 허리 강조 조합은 곡선 무드가 약해질 수 있어요."
        },
        {
          "if": { "silhouette": ["straight"], "fit": ["oversize"] },
          "score": -0.20,
          "reason": "[style] 직선 실루엣에 오버핏이 더해지면 웨이브 무드가 덜 살아날 수 있어요."
        }
      ]
    },

    {
      "style_id": "natural",
      "display_name": "NATURAL",
      "weights": { "prefer": 1.0, "avoid": 1.0 },
      "prefer": [
        {
          "if": { "fit": ["oversize", "regular"] },
          "score": 0.40,
          "reason": "[style] 힘을 뺀 편안한 핏이 내추럴 무드에 잘 어울려요."
        },
        {
          "if": { "waist_emphasis": ["low"] },
          "score": 0.25,
          "reason": "[style] 허리 포인트가 과하지 않을수록 자연스러운 분위기가 살아나요."
        },
        {
          "if": { "exposure": ["low"] },
          "score": 0.20,
          "reason": "[style] 낮은 노출이 담백하고 편안한 느낌을 유지해줘요."
        },
        {
          "if": { "length": ["long"] },
          "score": 0.10,
          "reason": "[style] 롱 기장은 편안하고 여유로운 실루엣을 만들기 좋아요."
        }
      ],
      "avoid": [
        {
          "if": { "fit": ["slim"], "waist_emphasis": ["high"] },
          "score": -0.30,
          "reason": "[style] 타이트한 핏 + 강한 허리 강조는 내추럴 무드와 충돌할 수 있어요."
        },
        {
          "if": { "exposure": ["medium"], "fit": ["slim"] },
          "score": -0.15,
          "reason": "[style] 노출과 타이트한 핏이 겹치면 부담스럽게 느껴질 수 있어요."
        }
      ]
    }
  ],
  "optional_micro_bonus": [
    {
      "if": { "vertical_lines": [1] },
      "score": 0.05,
      "reason": "[style] (보너스) 세로 라인이 있으면 비율이 더 길어 보일 수 있어요."
    }
  ]
}
