{
  "meta": {
    "created_at": "2026-01-14T21:00:51",
    "engine": "rule_based"
  },
  "avatar": {
    "avatar_id": "0",
    "age_group": 2,
    "body_type": "lower_heavy",
    "style_type": "wave",
    "style_survey_answers": [
      1,
      2,
      1,
      2,
      3,
      2,
      1,
      2,
      3,
      2,
      2
    ]
  },
  "outfits": [
    {
      "rank": 1,
      "mesh_id": "107-1",
      "category_main": "dress",
      "length": "long",
      "silhouette": "A-line",
      "fit": "slim",
      "waist_emphasis": "low",
      "exposure": "low",
      "score": 2.55,
      "reasons": [
        "[BODY] [body] A라인 드레스는 하체를 자연스럽게 커버해요. (+2)",
        "[STYLE] [style] 곡선감을 살리는 실루엣이 웨이브 무드를 잘 살려줘요. (+0.55)"
      ]
    },
    {
      "rank": 2,
      "mesh_id": "127-1",
      "category_main": "dress",
      "length": "long",
      "silhouette": "A-line",
      "fit": "slim",
      "waist_emphasis": "low",
      "exposure": "low",
      "score": 2.55,
      "reasons": [
        "[BODY] [body] A라인 드레스는 하체를 자연스럽게 커버해요. (+2)",
        "[STYLE] [style] 곡선감을 살리는 실루엣이 웨이브 무드를 잘 살려줘요. (+0.55)"
      ]
    }
  ]
}